0,-1,-1
1,800,1243
2,803,1243
3,800,1241
4,799,1240
5,796,1241
6,799,1241
7,795,1240
8,796,1241
9,797,1241
10,796,1241
11,796,1240
12,797,1240
13,795,1241
14,796,1240
15,796,1240
16,798,1241
17,797,1240
18,796,1241
19,793,1240
20,796,1242
21,796,1242
22,795,1240
23,795,1240
24,794,1242
25,795,1241
26,794,1241
27,794,1239
28,795,1241
29,793,1241
30,794,1241
31,797,1240
32,795,1240
33,793,1241
34,794,1241
35,795,1241
36,794,1239
37,793,1241
38,792,1240
39,794,1241
40,796,1239
41,791,1239
42,794,1241
43,795,1241
44,795,1240
45,792,1241
46,794,1240
47,796,1241
48,794,1240
49,793,1241
50,794,1241
51,795,1239
52,795,1241
53,795,1241
54,796,1241
55,796,1240
56,796,1241
57,794,1241
58,797,1241
59,797,1241
60,796,1240
61,796,1241
62,795,1241
63,797,1242
64,797,1242
65,796,1240
66,795,1241
67,795,1240
68,797,1241
69,796,1241
70,797,1241
71,796,1240
72,794,1240
73,794,1241
74,794,1241
75,793,1241
76,792,1240
77,794,1240
78,792,1240
79,791,1241
80,792,1240
81,792,1239
82,794,1240
83,792,1240
84,791,1240
85,790,1239
86,794,1241
87,795,1240
88,793,1240
89,792,1241
90,790,1239
91,795,1241
92,796,1241
93,793,1241
94,793,1240
95,793,1240
96,795,1241
97,793,1241
98,793,1241
99,791,1240
100,789,1242
101,764,1239
102,749,1242
103,702,1236
104,673,1233
105,620,1228
106,608,1227
107,574,1225
108,562,1223
109,553,1222
110,551,1223
111,551,1221
112,551,1220
113,550,1220
114,549,1221
115,551,1221
116,554,1221
117,551,1222
118,553,1222
119,553,1221
120,548,1221
121,546,1221
122,546,1221
123,546,1221
124,545,1221
125,547,1221
126,547,1220
127,546,1220
128,547,1221
129,547,1222
130,547,1220
131,546,1220
132,546,1220
133,546,1222
134,547,1221
135,548,1221
136,549,1220
137,547,1219
138,548,1220
139,545,1220
140,547,1220
141,549,1220
142,548,1219
143,547,1219
144,547,1220
145,547,1220
146,547,1219
147,550,1221
148,587,1221
149,609,1227
150,636,1230
151,673,1232
152,695,1234
153,748,1238
154,767,1240
155,790,1239
156,800,1239
157,813,1240
158,814,1240
159,812,1241
160,811,1240
161,811,1240
162,812,1241
163,811,1241
164,812,1241
165,812,1241
166,811,1241
167,810,1242
168,811,1243
169,812,1242
170,811,1241
171,812,1242
172,813,1242
173,815,1243
174,814,1243
175,815,1243
176,817,1242
177,814,1242
178,815,1242
179,815,1241
180,817,1240
181,813,1242
182,814,1243
183,813,1241
184,816,1241
185,819,1242
186,819,1242
187,818,1242
188,818,1241
189,818,1243
190,819,1243
191,819,1242
192,818,1241
193,817,1242
194,818,1243
195,818,1242
196,818,1240
197,819,1242
198,819,1242
199,817,1242
200,817,1241
201,819,1242
202,819,1242
203,819,1242
204,817,1242
205,818,1241
206,818,1243
207,818,1242
208,818,1242
209,817,1242
210,817,1241
211,818,1242
212,818,1242
213,817,1243
214,848,1243
215,855,1243
216,906,1242
217,931,1242
218,947,1248
219,1008,1249
220,1031,1246
221,1045,1245
222,1044,1247
223,1047,1248
224,1046,1249
225,1048,1248
226,1047,1249
227,1046,1248
228,1046,1247
229,1046,1248
230,1046,1248
231,1049,1247
232,1046,1248
233,1047,1248
234,1046,1247
235,1049,1248
236,1046,1248
237,1049,1248
238,1047,1248
239,1049,1248
240,1048,1249
241,1048,1249
242,1047,1247
243,1049,1249
244,1048,1249
245,1049,1248
246,1049,1247
247,1047,1248
248,1050,1249
249,1051,1247
250,1050,1249
251,1047,1248
252,1050,1248
253,1052,1247
254,1050,1248
255,1048,1247
256,1049,1247
257,1051,1247
258,1049,1248
259,1048,1247
260,1051,1246
261,1049,1247
262,1047,1248
263,1048,1246
264,1051,1247
265,1049,1248
266,1046,1247
267,1050,1247
268,1049,1247
269,1049,1248
270,1047,1246
271,1049,1248
272,1049,1247
273,1050,1247
274,1048,1248
275,1049,1248
276,1051,1249
277,1049,1250
278,1050,1249
279,1051,1250
280,1052,1250
281,1051,1251
282,1051,1250
283,1052,1251
284,1051,1251
285,1052,1251
286,1049,1252
287,1051,1251
288,1052,1251
289,1052,1251
290,1052,1252
291,1051,1252
292,1052,1252
293,1052,1251
294,1052,1249
295,1053,1247
296,1054,1244
297,1054,1243
298,1055,1241
299,1050,1239
300,1055,1237
301,1054,1237
302,1052,1231
303,1052,1229
304,1047,1226
305,1049,1221
306,1052,1217
307,1053,1214
308,1052,1211
309,1053,1209
310,1051,1204
311,1050,1199
312,1052,1194
313,1056,1184
314,1055,1181
315,1055,1175
316,1050,1168
317,1052,1160
318,1056,1154
319,1056,1151
320,1059,1146
321,1052,1142
322,1050,1137
323,1050,1131
324,1054,1124
325,1055,1119
326,1053,1112
327,1056,1104
328,1057,1098
329,1056,1091
330,1057,1087
331,1053,1081
332,1052,1076
333,1053,1070
334,1058,1060
335,1059,1056
336,1054,1048
337,1055,1042
338,1056,1034
339,1057,1029
340,1057,1027
341,1058,1020
342,1057,1014
343,1057,1004
344,1056,999
345,1057,991
346,1059,983
347,1060,1005
348,1058,1016
349,1062,1030
350,1055,1062
351,1060,1083
352,1059,1124
353,1061,1149
354,1061,1185
355,1061,1211
356,1062,1241
357,1060,1265
358,1060,1273
359,1060,1275
360,1061,1275
361,1062,1270
362,1061,1263
363,1060,1256
364,1062,1249
365,1067,1242
366,1072,1233
367,1063,1229
368,1066,1223
369,1069,1215
370,1066,1208
371,1063,1203
372,1062,1197
373,1069,1186
374,1064,1180
375,1064,1172
376,1067,1165
377,1070,1157
378,1068,1149
379,1070,1145
380,1070,1138
381,1067,1129
382,1066,1121
383,1066,1109
384,1063,1106
385,1063,1100
386,1064,1091
387,1068,1082
388,1068,1077
389,1070,1070
390,1074,1060
391,1072,1052
392,1071,1044
393,1067,1039
394,1071,1030
395,1069,1027
396,1068,1019
397,1071,1012
398,1074,1001
399,1074,989
400,1068,986
401,1071,979
402,1069,971
403,1069,964
404,1074,959
405,1075,971
406,1073,986
407,1080,982
408,1082,1018
409,1084,1035
410,1084,1077
411,1078,1110
412,1084,1130
413,1085,1120
414,1083,1117
415,1081,1111
416,1082,1106
417,1083,1098
418,1086,1090
419,1087,1085
420,1089,1082
421,1088,1074
422,1084,1068
423,1090,1057
424,1091,1048
425,1084,1048
426,1088,1042
427,1086,1035
428,1087,1030
429,1087,1026
430,1087,1021
431,1087,1018
432,1088,1007
433,1092,998
434,1094,990
435,1091,986
436,1088,981
437,1094,974
438,1093,968
439,1095,961
440,1094,960
441,1096,956
442,1099,948
443,1099,942
444,1098,935
445,1100,928
446,1100,930
447,1099,931
448,1098,929
449,1093,971
450,1098,988
451,1100,1022
452,2026,1051
453,1101,1091
454,1102,1128
455,1101,1153
456,1103,1170
457,1105,1170
458,1103,1171
459,1102,1166
460,1103,1162
461,1104,1156
462,1103,1149
463,1104,1143
464,1104,1140
465,1102,1140
466,1103,1135
467,1107,1124
468,1105,1119
469,1107,1113
470,1106,1109
471,1106,1107
472,1111,1100
473,1112,1095
474,1111,1090
475,1109,1085
476,1112,1080
477,1111,1076
478,1113,1073
479,1111,1066
480,1111,1060
481,1112,1055
482,1114,1049
483,1120,1049
484,-1,-1
485,1119,1087
486,1120,1124
487,-1,-1
488,1122,1180
489,2090,1246
490,-1,-1
491,-1,-1
492,-1,-1
493,-1,-1
494,1120,1258
495,1126,1245
496,1119,1256
497,1117,1250
498,1122,1244
499,1121,1238
500,1052,865
501,1054,886
502,1122,1227
503,1045,875
504,1050,882
505,1123,1215
506,1123,1211
507,1050,894
508,1053,908
509,1048,886
510,1051,889
511,1050,898
512,1055,898
513,1049,887
514,1044,905
515,1052,905
516,1052,904
517,1062,914
518,1059,902
519,1067,905
520,1068,910
521,1047,904
522,1057,907
523,-1,-1
524,1052,885
525,-1,-1
526,-1,-1
527,-1,-1
528,-1,-1
529,-1,-1
530,-1,-1
531,-1,-1
532,-1,-1
533,-1,-1
534,2128,1446
535,-1,-1
536,-1,-1
537,-1,-1
538,-1,-1
539,-1,-1
540,-1,-1
541,-1,-1
542,-1,-1
543,-1,-1
544,-1,-1
545,-1,-1
546,-1,-1
547,-1,-1
548,-1,-1
549,-1,-1
550,-1,-1
551,-1,-1
552,-1,-1
553,-1,-1
554,-1,-1
555,-1,-1
556,-1,-1
557,-1,-1
558,-1,-1
559,-1,-1
560,-1,-1
561,-1,-1
562,-1,-1
563,-1,-1
564,-1,-1
565,-1,-1
566,-1,-1
567,-1,-1
568,-1,-1
569,-1,-1
570,-1,-1
571,-1,-1
572,-1,-1
573,-1,-1
574,-1,-1
575,-1,-1
576,-1,-1
577,-1,-1
578,-1,-1
579,-1,-1
580,-1,-1
581,-1,-1
582,-1,-1
583,-1,-1
584,-1,-1
585,-1,-1
586,-1,-1
587,-1,-1
588,-1,-1
589,-1,-1
590,-1,-1
591,-1,-1
592,-1,-1
593,-1,-1
594,-1,-1
595,2133,1458
596,2132,1456
597,2133,1449
598,2134,1446
599,2134,1446
600,2133,1458
601,2133,1457
602,2134,1461
603,2132,1465
604,2132,1467
605,-1,-1
606,-1,-1
607,-1,-1
608,-1,-1
609,-1,-1
610,-1,-1
611,-1,-1
612,-1,-1
613,-1,-1
614,-1,-1
615,-1,-1
616,-1,-1
617,2128,1457
618,-1,-1
619,-1,-1
620,-1,-1
621,-1,-1
622,127,820
623,-1,-1
624,-1,-1
625,-1,-1
626,-1,-1
627,-1,-1
628,-1,-1
629,-1,-1
630,-1,-1
631,-1,-1
632,-1,-1
633,-1,-1
634,-1,-1
635,-1,-1
636,-1,-1
637,-1,-1
638,-1,-1
639,-1,-1
640,-1,-1
641,-1,-1
642,125,818
643,-1,-1
644,-1,-1
645,-1,-1
646,-1,-1
647,-1,-1
648,-1,-1
649,-1,-1
650,-1,-1
651,-1,-1
652,-1,-1
653,-1,-1
654,-1,-1
655,-1,-1
656,-1,-1
657,-1,-1
658,-1,-1
659,-1,-1
660,-1,-1
661,-1,-1
662,-1,-1
663,-1,-1
664,-1,-1
665,-1,-1
666,-1,-1
667,-1,-1
668,-1,-1
669,-1,-1
670,-1,-1
671,-1,-1
672,-1,-1
673,-1,-1
674,-1,-1
675,-1,-1
676,-1,-1
677,-1,-1
678,-1,-1
679,-1,-1
680,-1,-1
681,-1,-1
682,-1,-1
683,-1,-1
684,-1,-1
685,-1,-1
686,-1,-1
687,-1,-1
688,-1,-1
689,-1,-1
690,-1,-1
691,134,816
692,135,812
693,136,807
694,136,807
695,135,806
696,135,804
697,138,804
698,138,800
699,138,804
700,138,802
701,137,804
702,137,807
703,137,808
704,137,806
705,137,800
706,138,804
707,138,800
708,139,809
709,140,805
710,141,805
711,141,803
712,137,809
713,137,806
714,137,806
715,138,810
716,138,809
717,136,811
718,137,807
719,139,806
720,139,812
721,139,810
722,139,804
723,138,806
724,139,808
725,139,805
726,137,809
727,137,811
728,138,804
729,137,806
730,137,802
731,136,804
732,135,808
733,137,805
734,-1,-1
735,136,805
736,-1,-1
737,138,803
738,138,803
739,138,802
740,139,802
741,139,804
742,140,803
743,139,809
744,140,803
745,139,806
746,-1,-1
747,-1,-1
748,-1,-1
749,-1,-1
750,-1,-1
751,-1,-1
752,141,806
753,142,803
754,143,798
755,142,802
756,141,806
757,140,803
758,140,800
759,141,803
760,141,800
761,141,799
762,142,795
763,143,797
764,142,794
765,143,795
766,143,799
767,142,800
768,-1,-1
769,-1,-1
770,-1,-1
771,-1,-1
772,-1,-1
773,-1,-1
774,-1,-1
775,-1,-1
776,-1,-1
777,-1,-1
778,-1,-1
779,-1,-1
780,-1,-1
781,-1,-1
782,-1,-1
783,-1,-1
784,-1,-1
785,-1,-1
786,-1,-1
787,-1,-1
788,-1,-1
789,-1,-1
790,-1,-1
791,-1,-1
792,-1,-1
793,-1,-1
794,-1,-1
795,-1,-1
796,-1,-1
797,-1,-1
798,-1,-1
799,-1,-1
800,-1,-1
801,-1,-1
802,-1,-1
803,-1,-1
804,-1,-1
805,-1,-1
806,-1,-1
807,-1,-1
808,1174,977
809,1168,968
810,1162,960
811,1168,970
812,1175,970
813,1159,966
814,1170,967
815,1160,974
816,1164,973
817,1165,966
818,1164,968
819,1165,974
820,1175,969
821,1172,974
822,1168,975
823,1172,968
824,1170,972
825,-1,-1
826,-1,-1
827,-1,-1
828,1164,957
829,1152,954
830,1160,949
831,1176,956
832,1176,957
833,1173,954
834,1180,961
835,1178,953
836,1177,949
837,1178,951
838,-1,-1
839,1177,957
840,1178,964
841,1183,961
842,-1,-1
843,1198,962
844,-1,-1
845,1175,955
846,1176,961
847,1173,954
848,1183,968
849,1178,968
850,1181,965
851,1183,965
852,1186,970
853,1184,973
854,1187,968
855,1184,971
856,1185,966
857,1179,970
858,-1,-1
859,-1,-1
860,1179,958
861,-1,-1
862,1182,962
863,1180,959
864,-1,-1
865,-1,-1
866,-1,-1
867,1178,967
868,1176,962
869,1173,966
870,-1,-1
871,1178,961
872,-1,-1
873,-1,-1
874,-1,-1
875,-1,-1
876,-1,-1
877,-1,-1
878,-1,-1
879,-1,-1
880,-1,-1
881,-1,-1
882,-1,-1
883,-1,-1
884,-1,-1
885,-1,-1
886,-1,-1
887,-1,-1
888,-1,-1
889,1164,939
890,1167,946
891,-1,-1
892,-1,-1
893,-1,-1
894,-1,-1
895,-1,-1
896,-1,-1
897,-1,-1
898,-1,-1
899,-1,-1
900,-1,-1
901,-1,-1
902,-1,-1
903,1163,963
904,1167,963
905,1168,964
906,-1,-1
907,-1,-1
908,-1,-1
909,-1,-1
910,-1,-1
911,-1,-1
912,-1,-1
913,1179,963
914,1181,970
915,-1,-1
916,-1,-1
917,-1,-1
918,-1,-1
919,-1,-1
920,-1,-1
921,-1,-1
922,-1,-1
923,-1,-1
924,-1,-1
925,-1,-1
926,-1,-1
927,-1,-1
928,170,854
929,171,845
930,1165,966
931,1165,970
932,170,850
933,172,852
934,170,849
935,171,850
936,171,848
937,1176,966
938,171,844
939,171,839
940,1169,975
941,170,840
942,170,840
943,170,841
944,170,841
945,169,842
946,169,838
947,169,837
948,169,839
949,169,835
950,169,836
951,169,836
952,170,836
953,170,833
954,170,838
955,1159,979
956,1163,976
957,1167,968
958,170,833
959,171,837
960,171,835
961,171,833
962,171,833
963,1173,974
964,171,839
965,171,836
966,171,836
967,172,838
968,1166,963
969,1167,968
970,175,839
971,174,837
972,1174,961
973,1178,961
974,1174,960
975,1183,966
976,177,835
977,1170,960
978,1177,969
979,1179,973
980,1173,972
981,180,842
982,181,842
983,1173,971
984,184,849
985,181,851
986,1173,970
987,1178,973
988,1173,973
989,1181,977
990,1173,979
991,1173,977
992,1175,977
993,1175,982
994,-1,-1
995,181,849
996,1172,977
997,1166,969
998,1169,975
999,1171,976
1000,1179,980
1001,1173,985
1002,-1,-1
1003,-1,-1
1004,-1,-1
1005,1165,979
1006,179,842
1007,177,837
1008,-1,-1
1009,-1,-1
1010,1170,970
1011,-1,-1
1012,-1,-1
1013,-1,-1
1014,-1,-1
1015,-1,-1
1016,-1,-1
1017,-1,-1
1018,-1,-1
1019,-1,-1
1020,-1,-1
1021,1170,971
1022,-1,-1
1023,-1,-1
1024,-1,-1
1025,-1,-1
1026,-1,-1
1027,-1,-1
1028,-1,-1
1029,-1,-1
1030,-1,-1
1031,-1,-1
1032,-1,-1
1033,-1,-1
1034,-1,-1
1035,-1,-1
1036,-1,-1
1037,-1,-1
1038,-1,-1
1039,-1,-1
1040,-1,-1
1041,-1,-1
1042,-1,-1
1043,-1,-1
1044,-1,-1
1045,-1,-1
1046,-1,-1
1047,-1,-1
1048,-1,-1
1049,-1,-1
1050,-1,-1
1051,-1,-1
1052,-1,-1
1053,-1,-1
1054,-1,-1
1055,-1,-1
1056,-1,-1
1057,-1,-1
1058,-1,-1
1059,-1,-1
1060,-1,-1
1061,-1,-1
1062,-1,-1
1063,-1,-1
1064,-1,-1
1065,-1,-1
1066,-1,-1
1067,-1,-1
1068,-1,-1
1069,-1,-1
1070,-1,-1
1071,-1,-1
1072,-1,-1
1073,-1,-1
1074,-1,-1
1075,-1,-1
1076,-1,-1
1077,-1,-1
1078,-1,-1
1079,-1,-1
1080,-1,-1
1081,-1,-1
1082,-1,-1
1083,-1,-1
1084,-1,-1
1085,-1,-1
1086,-1,-1
1087,-1,-1
1088,-1,-1
1089,-1,-1
1090,-1,-1
1091,-1,-1
1092,-1,-1
1093,-1,-1
1094,-1,-1
1095,-1,-1
1096,-1,-1
1097,-1,-1
1098,-1,-1
1099,-1,-1
1100,-1,-1
1101,-1,-1
1102,-1,-1
1103,-1,-1
1104,-1,-1
1105,-1,-1
1106,-1,-1
1107,-1,-1
1108,-1,-1
1109,-1,-1
1110,-1,-1
1111,-1,-1
1112,-1,-1
1113,-1,-1
1114,-1,-1
1115,-1,-1
1116,-1,-1
1117,-1,-1
1118,-1,-1
1119,-1,-1
1120,-1,-1
1121,-1,-1
1122,-1,-1
1123,-1,-1
1124,-1,-1
1125,-1,-1
1126,-1,-1
1127,-1,-1
1128,-1,-1
1129,-1,-1
1130,-1,-1
1131,-1,-1
1132,-1,-1
1133,-1,-1
1134,-1,-1
1135,-1,-1
1136,-1,-1
1137,-1,-1
1138,-1,-1
1139,-1,-1
1140,-1,-1
1141,-1,-1
1142,-1,-1
1143,-1,-1
1144,-1,-1
1145,-1,-1
1146,-1,-1
1147,-1,-1
1148,-1,-1
1149,-1,-1
1150,-1,-1
1151,-1,-1
1152,-1,-1
1153,-1,-1
1154,-1,-1
1155,-1,-1
1156,-1,-1
1157,-1,-1
1158,-1,-1
1159,-1,-1
1160,-1,-1
1161,-1,-1
1162,-1,-1
1163,-1,-1
1164,-1,-1
1165,-1,-1
1166,-1,-1
1167,-1,-1
1168,-1,-1
1169,-1,-1
1170,-1,-1
1171,-1,-1
1172,-1,-1
1173,-1,-1
1174,-1,-1
1175,-1,-1
1176,-1,-1
1177,-1,-1
1178,-1,-1
1179,-1,-1
1180,-1,-1
1181,-1,-1
1182,-1,-1
1183,-1,-1
1184,-1,-1
1185,-1,-1
1186,-1,-1
1187,-1,-1
1188,-1,-1
1189,-1,-1
1190,-1,-1
1191,-1,-1
1192,-1,-1
1193,-1,-1
1194,-1,-1
1195,-1,-1
1196,-1,-1
1197,-1,-1
1198,-1,-1
1199,-1,-1
1200,-1,-1
1201,-1,-1
1202,-1,-1
1203,-1,-1
1204,-1,-1
1205,-1,-1
1206,-1,-1
1207,-1,-1
1208,-1,-1
1209,-1,-1
1210,-1,-1
1211,-1,-1
1212,-1,-1
1213,-1,-1
1214,-1,-1
1215,-1,-1
1216,-1,-1
1217,-1,-1
1218,-1,-1
1219,-1,-1
1220,-1,-1
1221,-1,-1
1222,-1,-1
1223,-1,-1
1224,-1,-1
1225,-1,-1
1226,-1,-1
1227,-1,-1
1228,-1,-1
1229,-1,-1
1230,-1,-1
1231,-1,-1
1232,-1,-1
1233,-1,-1
1234,-1,-1
1235,-1,-1
1236,-1,-1
1237,-1,-1
1238,-1,-1
1239,-1,-1
1240,-1,-1
1241,-1,-1
1242,-1,-1
1243,-1,-1
1244,-1,-1
1245,-1,-1
1246,-1,-1
1247,-1,-1
1248,-1,-1
1249,-1,-1
1250,-1,-1
1251,-1,-1
1252,-1,-1
1253,-1,-1
1254,-1,-1
1255,-1,-1
1256,-1,-1
1257,-1,-1
1258,-1,-1
1259,-1,-1
1260,-1,-1
1261,-1,-1
1262,-1,-1
1263,-1,-1
1264,-1,-1
1265,-1,-1
1266,-1,-1
1267,-1,-1
1268,-1,-1
1269,-1,-1
1270,-1,-1
1271,-1,-1
1272,-1,-1
1273,-1,-1
1274,-1,-1
1275,-1,-1
1276,-1,-1
1277,-1,-1
1278,-1,-1
1279,-1,-1
1280,-1,-1
1281,-1,-1
1282,-1,-1
1283,-1,-1
1284,-1,-1
1285,-1,-1
1286,-1,-1
1287,-1,-1
1288,-1,-1
1289,-1,-1
1290,-1,-1
1291,-1,-1
1292,-1,-1
1293,-1,-1
1294,-1,-1
1295,-1,-1
1296,-1,-1
1297,-1,-1
1298,-1,-1
1299,-1,-1
1300,-1,-1
1301,-1,-1
1302,-1,-1
1303,-1,-1
1304,-1,-1
1305,-1,-1
1306,-1,-1
1307,-1,-1
1308,-1,-1
1309,-1,-1
1310,-1,-1
1311,-1,-1
1312,-1,-1
1313,-1,-1
1314,-1,-1
1315,-1,-1
1316,-1,-1
1317,-1,-1
1318,-1,-1
1319,-1,-1
1320,-1,-1
1321,-1,-1
1322,-1,-1
1323,-1,-1
1324,-1,-1
1325,-1,-1
1326,-1,-1
1327,-1,-1
1328,-1,-1
1329,-1,-1
1330,-1,-1
1331,-1,-1
1332,-1,-1
1333,-1,-1
1334,-1,-1
1335,-1,-1
1336,-1,-1
1337,-1,-1
1338,-1,-1
1339,-1,-1
1340,-1,-1
1341,-1,-1
1342,-1,-1
1343,-1,-1
1344,-1,-1
1345,-1,-1
1346,-1,-1
1347,-1,-1
1348,-1,-1
1349,-1,-1
1350,-1,-1
1351,-1,-1
1352,-1,-1
1353,-1,-1
1354,-1,-1
1355,-1,-1
1356,-1,-1
1357,-1,-1
1358,-1,-1
1359,-1,-1
1360,-1,-1
1361,-1,-1
1362,-1,-1
1363,-1,-1
1364,-1,-1
1365,-1,-1
1366,-1,-1
1367,-1,-1
1368,-1,-1
1369,-1,-1
1370,-1,-1
1371,-1,-1
1372,-1,-1
1373,-1,-1
1374,-1,-1
1375,-1,-1
1376,-1,-1
1377,-1,-1
1378,-1,-1
1379,-1,-1
1380,-1,-1
1381,-1,-1
1382,-1,-1
1383,-1,-1
1384,-1,-1
1385,-1,-1
1386,-1,-1
1387,-1,-1
1388,-1,-1
1389,-1,-1
1390,-1,-1
1391,-1,-1
1392,-1,-1
1393,-1,-1
1394,-1,-1
1395,-1,-1
1396,-1,-1
1397,-1,-1
1398,-1,-1
1399,-1,-1
1400,-1,-1
1401,-1,-1
1402,-1,-1
1403,-1,-1
1404,-1,-1
1405,-1,-1
1406,-1,-1
1407,-1,-1
1408,-1,-1
1409,-1,-1
1410,-1,-1
1411,-1,-1
1412,-1,-1
1413,-1,-1
1414,-1,-1
1415,-1,-1
1416,-1,-1
1417,-1,-1
1418,-1,-1
1419,-1,-1
1420,-1,-1
1421,-1,-1
1422,-1,-1
1423,-1,-1
1424,-1,-1
1425,-1,-1
1426,-1,-1
1427,-1,-1
1428,-1,-1
1429,-1,-1
1430,-1,-1
1431,-1,-1
1432,-1,-1
1433,-1,-1
1434,-1,-1
1435,-1,-1
1436,-1,-1
1437,-1,-1
1438,-1,-1
1439,-1,-1
1440,-1,-1
1441,-1,-1
1442,-1,-1
1443,-1,-1
1444,-1,-1
1445,-1,-1
1446,-1,-1
1447,-1,-1
1448,-1,-1
1449,-1,-1
1450,-1,-1
1451,-1,-1
1452,-1,-1
1453,-1,-1
1454,-1,-1
1455,-1,-1
1456,-1,-1
1457,-1,-1
1458,-1,-1
1459,-1,-1
1460,-1,-1
1461,-1,-1
1462,-1,-1
1463,-1,-1
1464,-1,-1
1465,-1,-1
1466,1185,1003
1467,1185,1006
1468,1180,1003
1469,-1,-1
1470,-1,-1
1471,-1,-1
1472,-1,-1
1473,-1,-1
1474,-1,-1
1475,-1,-1
1476,-1,-1
1477,-1,-1
1478,-1,-1
1479,-1,-1
1480,1183,1004
1481,-1,-1
1482,-1,-1
1483,1182,1006
1484,1182,1006
1485,-1,-1
1486,1183,1005
1487,-1,-1
1488,1188,1008
1489,1189,1007
1490,1184,1004
1491,1180,1004
1492,1180,1003
1493,1186,1006
1494,-1,-1
1495,1188,1002
1496,-1,-1
1497,-1,-1
1498,-1,-1
1499,-1,-1
1500,1186,1003
1501,-1,-1
1502,1184,1000
1503,-1,-1
1504,1184,997
1505,1185,997
1506,1184,998
1507,-1,-1
1508,-1,-1
1509,-1,-1
1510,-1,-1
1511,-1,-1
1512,-1,-1
1513,-1,-1
1514,-1,-1
1515,-1,-1
1516,-1,-1
1517,-1,-1
1518,-1,-1
1519,-1,-1
1520,-1,-1
1521,-1,-1
1522,-1,-1
1523,-1,-1
1524,-1,-1
1525,-1,-1
1526,-1,-1
1527,-1,-1
1528,-1,-1
1529,-1,-1
1530,-1,-1
1531,-1,-1
1532,-1,-1
1533,-1,-1
1534,-1,-1
1535,-1,-1
1536,-1,-1
1537,-1,-1
1538,-1,-1
1539,-1,-1
1540,-1,-1
1541,-1,-1
1542,-1,-1
1543,-1,-1
1544,-1,-1
1545,-1,-1
1546,-1,-1
1547,-1,-1
1548,-1,-1
1549,-1,-1
1550,-1,-1
1551,-1,-1
1552,-1,-1
1553,-1,-1
1554,-1,-1
1555,-1,-1
1556,-1,-1
1557,-1,-1
1558,-1,-1
1559,-1,-1
1560,-1,-1
1561,-1,-1
1562,-1,-1
1563,-1,-1
1564,-1,-1
1565,-1,-1
1566,-1,-1
1567,-1,-1
1568,-1,-1
1569,-1,-1
1570,-1,-1
1571,-1,-1
1572,-1,-1
1573,-1,-1
1574,-1,-1
1575,-1,-1
1576,-1,-1
1577,-1,-1
1578,-1,-1
1579,-1,-1
1580,-1,-1
1581,-1,-1
1582,-1,-1
1583,-1,-1
1584,-1,-1
1585,-1,-1
1586,-1,-1
1587,-1,-1
1588,-1,-1
1589,1189,1010
1590,1190,1014
1591,1191,1012
1592,-1,-1
1593,1190,1007
1594,-1,-1
1595,-1,-1
1596,-1,-1
1597,-1,-1
1598,-1,-1
1599,1192,1007
1600,-1,-1
1601,-1,-1
1602,1183,1007
1603,-1,-1
1604,-1,-1
1605,-1,-1
1606,1018,1009
1607,-1,-1
1608,-1,-1
1609,1189,1005
1610,1190,1008
1611,1187,1006
1612,1186,1010
1613,-1,-1
1614,-1,-1
1615,-1,-1
1616,1189,1001
1617,-1,-1
1618,-1,-1
1619,1190,999
1620,-1,-1
1621,-1,-1
1622,1195,1001
1623,-1,-1
1624,1193,1003
1625,1196,1008
1626,1196,1005
1627,1195,1006
1628,-1,-1
1629,-1,-1
1630,-1,-1
1631,-1,-1
1632,-1,-1
1633,-1,-1
1634,-1,-1
1635,-1,-1
1636,1202,1014
1637,1198,1013
1638,1194,1008
1639,1195,1008
1640,1194,1003
1641,1195,1006
1642,1200,1008
1643,-1,-1
1644,1201,1008
1645,-1,-1
1646,1205,1005
1647,1196,1004
1648,1204,1009
1649,-1,-1
1650,-1,-1
1651,-1,-1
1652,-1,-1
1653,-1,-1
1654,-1,-1
1655,1199,1015
1656,1199,1008
1657,1197,1006
1658,-1,-1
1659,1194,1011
1660,1196,1010
1661,1202,1006
1662,-1,-1
1663,1197,1007
1664,-1,-1
1665,-1,-1
1666,-1,-1
1667,-1,-1
1668,-1,-1
1669,1194,1008
1670,1196,1012
1671,-1,-1
1672,1197,1009
1673,1207,1009
1674,1198,1010
1675,1209,1012
1676,1204,1011
1677,1208,1010
1678,1207,1011
1679,1208,1012
1680,1211,1007
1681,1200,1010
1682,1198,1011
1683,1198,1012
1684,1198,1014
1685,-1,-1
1686,1198,1019
1687,1196,1014
1688,-1,-1
1689,-1,-1
1690,-1,-1
1691,1194,1010
1692,1209,1005
1693,1199,1001
1694,1203,1012
1695,1207,1009
1696,1195,1017
1697,1204,1011
1698,1208,1013
1699,1197,1014
1700,1197,1012
1701,1196,1014
1702,1206,1011
1703,1197,1013
1704,1196,1010
1705,1215,1014
1706,1200,1010
1707,1214,1015
1708,1201,1015
1709,1200,1012
1710,1200,1014
1711,1218,1016
1712,1218,1012
1713,1203,1019
1714,1204,1018
1715,1202,1016
1716,1200,1016
1717,1203,1015
1718,1203,1021
1719,1204,1022
1720,1214,1018
1721,1213,1023
1722,1203,1025
1723,1217,1025
1724,1206,1028
1725,1205,1021
1726,1206,1019
1727,1204,1019
1728,1204,1020
1729,1203,1019
1730,1216,1009
1731,1217,1011
1732,1216,1011
1733,1203,1017
1734,1202,1015
1735,1202,1016
1736,1198,1012
1737,1201,1010
1738,1198,1008
1739,1202,1008
1740,1200,1005
1741,1200,1009
1742,1199,1008
1743,1197,1005
1744,1196,1005
1745,1199,1007
1746,1199,1006
1747,1200,1010
1748,1201,1008
1749,1199,1012
1750,1198,1008
1751,1198,1013
1752,1200,1010
1753,1195,1010
1754,1199,1013
1755,1198,1007
1756,1199,1007
1757,1195,1009
1758,1208,1001
1759,1196,1003
1760,1200,1010
1761,1198,1006
1762,1201,1007
1763,1204,1012
1764,1196,1005
1765,1201,1008
1766,1194,1006
1767,1193,1003
1768,1186,1008
1769,1191,1012
1770,1196,1010
1771,1196,1009
1772,1191,1005
1773,1198,1006
1774,1196,1001
1775,1209,995
1776,1206,996
1777,1202,992
1778,1201,995
1779,1194,999
1780,1204,994
1781,1202,997
1782,1211,990
1783,1209,990
1784,1206,991
1785,1207,992
1786,1209,990
1787,1209,991
1788,1213,992
1789,1208,991
1790,1209,994
1791,1210,994
1792,1205,991
1793,1206,994
1794,1210,992
1795,1214,990
1796,1213,989
1797,1212,989
1798,1206,994
1799,1206,993
1800,1205,991
1801,1206,989
1802,1201,985
1803,1205,986
1804,1207,990
1805,1200,992
1806,1194,990
1807,1202,989
1808,1199,983
1809,1203,984
1810,1196,981
1811,1195,983
1812,1189,984
1813,1191,987
1814,1193,983
1815,-1,-1
1816,-1,-1
1817,1182,980
1818,1171,983
1819,973,981
1820,1179,981
1821,1169,978
1822,1199,980
1823,1197,993
1824,1192,990
1825,1208,984
1826,1202,978
1827,1191,984
1828,1201,986
1829,1202,983
1830,1198,985
1831,1213,990
1832,1200,987
1833,1209,982
1834,1203,984
1835,1192,988
1836,1200,990
1837,1204,989
1838,1204,987
1839,1196,990
1840,1196,993
1841,978,995
1842,1183,991
1843,1187,993
1844,1199,991
1845,1201,993
1846,1203,996
1847,1012,998
1848,1188,1000
1849,1202,1001
1850,1212,1005
1851,1210,1004
1852,1208,1002
1853,1203,1006
1854,1204,1008
1855,1203,1003
1856,1009,1006
1857,1029,1002
1858,998,1004
1859,1018,1003
1860,1018,1004
1861,993,1003
1862,1020,1005
1863,991,1005
1864,986,1007
1865,-1,-1
1866,-1,-1
1867,-1,-1
1868,-1,-1
1869,1019,1010
1870,-1,-1
1871,-1,-1
1872,1198,1002
1873,1200,999
1874,1208,1001
1875,1199,1001
1876,1209,997
1877,-1,-1
1878,-1,-1
1879,-1,-1
1880,1199,994
1881,1203,997
1882,1204,997
1883,1205,991
1884,1213,992
1885,1211,995
1886,1214,1001
1887,1210,997
1888,1205,1001
1889,1209,1004
1890,1204,1001
1891,1206,1009
1892,1204,1002
1893,1212,1003
1894,1209,1002
1895,1210,1004
1896,1209,1004
1897,1212,1003
1898,1210,1005
1899,1212,1007
1900,1216,1007
1901,1214,1007
1902,1202,1010
1903,1203,1010
1904,1206,1008
1905,1206,1002
1906,1202,1010
1907,1208,1007
1908,1208,1005
1909,1208,1004
1910,1209,1005
1911,1206,1004
1912,1202,989
1913,1207,991
1914,-1,-1
1915,1202,1006
1916,1208,1003
1917,1206,1002
1918,1210,1002
1919,1212,1000
1920,1210,1001
1921,1206,1004
1922,1208,1002
1923,1079,1001
1924,1206,1002
1925,1084,1006
1926,1209,1004
1927,1207,1007
1928,1207,1007
1929,1203,1005
1930,1077,998
1931,1213,1002
1932,1206,1003
1933,-1,-1
1934,-1,-1
1935,-1,-1
1936,-1,-1
1937,1135,1615
1938,-1,-1
1939,1132,1569
1940,-1,-1
1941,-1,-1
1942,-1,-1
1943,-1,-1
1944,-1,-1
1945,-1,-1
1946,-1,-1
1947,-1,-1
1948,-1,-1
1949,-1,-1
1950,1128,1554
1951,-1,-1
1952,-1,-1
1953,-1,-1
1954,-1,-1
1955,1126,1396
1956,-1,-1
1957,1123,1335
1958,1122,1304
1959,1124,1284
1960,1123,1273
1961,-1,-1
1962,1120,1279
1963,1126,1274
1964,1119,1285
1965,-1,-1
1966,1124,1285
1967,-1,-1
1968,1121,1252
1969,1118,1222
1970,1119,1197
1971,1123,1168
1972,-1,-1
1973,1120,1098
1974,1120,1061
1975,1124,1027
1976,1119,995
1977,1117,969
1978,1117,960
1979,1117,966
1980,1117,969
1981,1116,976
1982,1119,980
1983,1115,985
1984,1118,981
1985,1118,985
1986,-1,-1
1987,1119,939
1988,-1,-1
1989,1116,873
1990,1116,826
1991,1116,793
1992,1114,764
1993,1115,725
1994,1115,698
1995,1116,683
1996,1118,681
1997,1116,683
1998,1114,696
1999,1117,686
2000,1117,688
2001,1113,666
2002,1110,656
2003,1106,630
2004,1116,591
2005,1114,560
2006,1106,540
2007,1108,499
2008,1104,479
2009,1104,470
2010,1102,460
2011,1101,461
2012,1102,465
2013,1104,472
2014,1101,478
2015,1100,486
2016,1099,491
2017,1099,492
2018,1097,497
2019,1099,482
2020,1098,456
2021,1097,442
2022,1096,414
2023,1093,386
2024,1093,357
2025,1091,348
2026,1089,352
2027,1091,356
2028,1089,359
2029,1086,365
2030,1083,369
2031,1084,376
2032,1082,380
2033,1087,384
2034,1085,391
2035,1081,395
2036,1084,402
2037,1085,403
2038,1083,409
2039,1087,412
2040,1088,411
2041,1088,414
2042,1091,415
2043,1091,416
2044,1090,420
2045,1090,421
2046,1090,425
2047,1089,427
2048,1089,428
2049,1087,429
2050,1088,429
2051,1085,432
2052,1085,435
2053,1086,437
2054,1089,437
2055,1082,438
2056,1088,439
2057,1084,441
2058,1087,440
2059,1084,446
2060,1089,442
2061,1090,448
2062,1091,449
2063,1090,453
2064,1090,457
2065,1091,462
2066,1090,465
2067,1090,473
2068,1089,479
2069,1088,481
2070,1089,486
2071,1088,494
2072,1089,494
2073,1087,503
2074,1089,507
2075,1086,514
2076,1086,526
2077,1086,532
2078,1080,540
2079,1081,544
2080,1085,550
2081,1080,562
2082,1079,568
2083,1085,575
2084,1084,586
2085,1082,594
2086,1085,602
2087,1084,601
2088,1083,598
2089,1077,603
2090,1071,602
2091,1072,601
2092,1069,595
2093,1062,594
2094,1063,595
2095,1065,600
2096,1065,607
2097,1079,615
2098,1074,624
2099,1074,637
2100,1074,643
2101,1070,651
2102,1094,655
2103,1090,665
2104,1089,669
2105,1089,676
2106,1090,688
2107,1088,695
2108,1087,704
2109,1087,712
2110,1089,719
2111,1087,726
2112,1090,731
2113,1090,738
2114,1091,747
2115,1088,756
2116,1090,761
2117,1093,770
2118,1090,779
2119,1087,785
2120,1087,789
2121,1088,799
2122,1089,806
2123,1089,813
2124,1087,819
2125,1091,827
2126,1092,834
2127,1090,842
2128,1088,846
2129,1089,850
2130,1088,855
2131,1088,860
2132,1090,866
2133,1090,872
2134,1090,879
2135,1089,883
2136,1088,891
2137,1089,897
2138,1090,901
2139,1088,906
2140,1088,910
2141,1089,915
2142,1088,919
2143,1088,926
2144,1085,933
2145,1087,939
2146,1085,943
2147,1086,947
2148,1088,953
2149,1085,958
2150,1087,963
2151,1090,964
2152,1086,969
2153,1091,971
2154,1091,974
2155,1091,978
2156,1089,982
2157,1088,987
2158,-1,-1
2159,1089,998
2160,-1,-1
2161,1088,1003
2162,-1,-1
2163,-1,-1
2164,-1,-1
2165,-1,-1
2166,-1,-1
2167,-1,-1
2168,1086,1026
2169,1084,1028
2170,1092,1029
2171,1090,1032
2172,1090,1034
2173,1089,1036
2174,1087,1040
2175,-1,-1
2176,-1,-1
2177,1081,1057
2178,-1,-1
2179,1080,1060
2180,-1,-1
2181,-1,-1
2182,-1,-1
2183,-1,-1
2184,-1,-1
2185,1076,1081
2186,1076,1088
2187,-1,-1
2188,1073,1091
2189,1075,1092
2190,1074,1093
2191,1080,1095
2192,1077,1094
2193,1077,1095
2194,1075,1095
2195,-1,-1
2196,-1,-1
2197,-1,-1
2198,-1,-1
2199,-1,-1
2200,-1,-1
2201,-1,-1
2202,-1,-1
2203,-1,-1
2204,-1,-1
2205,-1,-1
2206,-1,-1
2207,-1,-1
2208,-1,-1
2209,-1,-1
2210,-1,-1
2211,-1,-1
2212,-1,-1
2213,-1,-1
2214,-1,-1
2215,-1,-1
2216,-1,-1
2217,-1,-1
2218,-1,-1
2219,-1,-1
2220,-1,-1
2221,-1,-1
2222,-1,-1
2223,-1,-1
2224,-1,-1
2225,-1,-1
2226,-1,-1
2227,-1,-1
2228,-1,-1
2229,-1,-1
2230,-1,-1
2231,-1,-1
2232,-1,-1
2233,-1,-1
2234,-1,-1
2235,-1,-1
2236,-1,-1
2237,-1,-1
2238,-1,-1
2239,-1,-1
2240,-1,-1
2241,-1,-1
2242,-1,-1
2243,-1,-1
2244,-1,-1
2245,-1,-1
2246,-1,-1
2247,-1,-1
2248,-1,-1
2249,-1,-1
2250,-1,-1
2251,-1,-1
2252,-1,-1
2253,-1,-1
2254,-1,-1
2255,-1,-1
2256,-1,-1
2257,-1,-1
2258,-1,-1
2259,-1,-1
2260,-1,-1
2261,-1,-1
2262,-1,-1
2263,-1,-1
2264,-1,-1
2265,-1,-1
2266,-1,-1
2267,-1,-1
2268,-1,-1
2269,-1,-1
2270,-1,-1
2271,-1,-1
2272,-1,-1
2273,-1,-1
2274,-1,-1
2275,-1,-1
2276,-1,-1
2277,-1,-1
2278,-1,-1
2279,-1,-1
2280,-1,-1
2281,-1,-1
2282,-1,-1
2283,-1,-1
2284,-1,-1
2285,-1,-1
2286,-1,-1
2287,-1,-1
2288,-1,-1
2289,-1,-1
2290,-1,-1
2291,-1,-1
2292,-1,-1
2293,-1,-1
2294,-1,-1
2295,-1,-1
